{"cameraMode":{"drawMode":0,"name":"Shaded","section":"Shading Mode"},"sceneLighting":true,"audioPlay":false,"sceneViewState":{"showFog":true,"showMaterialUpdate":false,"showSkybox":true,"showFlares":true,"showImageEffects":true,"showParticleSystems":true},"in2DMode":false,"pivot":{"x":7.440442085266113,"y":-1.9721653461456299,"z":24.523908615112306},"rotation":{"x":-0.05278414487838745,"y":-0.006893277168273926,"z":0.0003644279495347291,"w":-0.998582661151886},"size":44.16645812988281,"orthographic":false}