{"cameraMode":{"drawMode":0,"name":"Shaded","section":"Shading Mode"},"sceneLighting":false,"audioPlay":false,"sceneViewState":{"showFog":true,"showMaterialUpdate":false,"showSkybox":true,"showFlares":true,"showImageEffects":true,"showParticleSystems":true},"in2DMode":false,"pivot":{"x":-1.627217173576355,"y":-4.787753582000732,"z":11.250004768371582},"rotation":{"x":-0.2536240220069885,"y":0.05278221145272255,"z":-0.01385868713259697,"w":-0.9657863974571228},"size":22.0,"orthographic":false}