{"cameraMode":{"drawMode":0,"name":"Shaded","section":"Shading Mode"},"sceneLighting":true,"audioPlay":false,"sceneViewState":{"showFog":true,"showMaterialUpdate":false,"showSkybox":true,"showFlares":true,"showImageEffects":true,"showParticleSystems":true},"in2DMode":false,"pivot":{"x":0.7885936498641968,"y":-0.9823126792907715,"z":9.923980712890625},"rotation":{"x":-0.07073989510536194,"y":-0.01735932007431984,"z":0.0012312838807702065,"w":-0.997344970703125},"size":14.657343864440918,"orthographic":false}